{
  "name": {
    "precision": 1.0,
    "recall": 0.96,
    "f1-score": 0.9795918367346939,
    "support": 25
  },
  "ti": {
    "precision": 1.0,
    "recall": 1.0,
    "f1-score": 1.0,
    "support": 12
  },
  "micro avg": {
    "precision": 1.0,
    "recall": 0.972972972972973,
    "f1-score": 0.9863013698630138,
    "support": 37
  },
  "macro avg": {
    "precision": 1.0,
    "recall": 0.98,
    "f1-score": 0.9897959183673469,
    "support": 37
  },
  "weighted avg": {
    "precision": 1.0,
    "recall": 0.972972972972973,
    "f1-score": 0.9862107004964148,
    "support": 37
  }
}